"","Number","German","English"
"1",1,"wie","as"
"2",2,"ich","I"
"3",3,"seine","his"
"4",4,"dass","that"
"5",5,"er","he"
"6",6,"war","was"
"7",7,"für","for"
"8",8,"auf","on"
"9",9,"sind","are"
"10",10,"mit","with"
"11",11,"sie","they"
"12",12,"sein","be"
"13",13,"bei","at"
"14",14,"ein","one"
"15",15,"haben","have"
"16",16,"dies","this"
"17",17,"aus","from"
"18",18,"durch","by"
"19",19,"heiß","hot"
"20",20,"Wort","word"
"21",21,"aber","but"
"22",22,"was","what"
"23",23,"einige","some"
"24",24,"ist","is"
"25",25,"es","it"
"26",26,"Sie","you"
"27",27,"oder","or"
"28",28,"hatte","had"
"29",29,"die","the"
"30",30,"von","of"
"31",31,"zu","to"
"32",32,"und","and"
"33",33,"ein","a"
"34",34,"bei","in"
"35",35,"wir","we"
"36",36,"können","can"
"37",37,"aus","out"
"38",38,"andere","other"
"39",39,"waren","were"
"40",40,"die","which"
"41",41,"tun","do"
"42",42,"ihre","their"
"43",43,"Zeit","time"
"44",44,"wenn","if"
"45",45,"werden","will"
"46",46,"wie","how"
"47",47,"sagte","said"
"48",48,"ein","an"
"49",49,"jeder","each"
"50",50,"sagen","tell"
"51",51,"tut","does"
"52",52,"Satz","set"
"53",53,"drei","three"
"54",54,"wollen","want"
"55",55,"Luft","air"
"56",56,"gut","well"
"57",57,"auch","also"
"58",58,"spielen","play"
"59",59,"klein","small"
"60",60,"Ende","end"
"61",61,"setzen","put"
"62",62,"Zuhause","home"
"63",63,"lesen","read"
"64",64,"seits","hand"
"65",65,"Hafen","port"
"66",66,"groß","large"
"67",67,"buchstabieren","spell"
"68",68,"hinzufügen","add"
"69",69,"auch","even"
"70",70,"Lande","land"
"71",71,"hier","here"
"72",72,"muss","must"
"73",73,"groß","big"
"74",74,"hoch","high"
"75",75,"so","such"
"76",76,"folgen","follow"
"77",77,"Akt","act"
"78",78,"warum","why"
"79",79,"fragen","ask"
"80",80,"Männer","men"
"81",81,"Veränderung","change"
"82",82,"ging","went"
"83",83,"Licht","light"
"84",84,"Art","kind"
"85",85,"aus","off"
"86",86,"müssen","need"
"87",87,"Haus","house"
"88",88,"Bild","picture"
"89",89,"versuchen","try"
"90",90,"uns","us"
"91",91,"wieder","again"
"92",92,"Tier","animal"
"93",93,"Punkt","point"
"94",94,"Mutter","mother"
"95",95,"Welt","world"
"96",96,"in der Nähe von","near"
"97",97,"bauen","build"
"98",98,"selbst","self"
"99",99,"Erde","earth"
"100",100,"Vater","father"
"101",101,"jeder","any"
"102",102,"neu","new"
"103",103,"Arbeit","work"
"104",104,"Teil","part"
"105",105,"nehmen","take"
"106",106,"erhalten","get"
"107",107,"Ort","place"
"108",108,"gemacht","made"
"109",109,"leben","live"
"110",110,"wo","where"
"111",111,"nach","after"
"112",112,"zurück","back"
"113",113,"wenig","little"
"114",114,"nur","only"
"115",115,"Runde","round"
"116",116,"Mann","man"
"117",117,"Jahr","year"
"118",118,"kam","came"
"119",119,"zeigen","show"
"120",120,"jeder","every"
"121",121,"gut","good"
"122",122,"mir","me"
"123",123,"geben","give"
"124",124,"unsere","our"
"125",125,"unter","under"
"126",126,"Name","name"
"127",127,"sehr","very"
"128",128,"durch","through"
"129",129,"nur","just"
"130",130,"Formular","form"
"131",131,"Satz","sentence"
"132",132,"groß","great"
"133",133,"denken","think"
"134",134,"sagen","say"
"135",135,"Hilfe","help"
"136",136,"niedrig","low"
"137",137,"Linie","line"
"138",138,"abweichen","differ"
"139",139,"wiederum","turn"
"140",140,"Ursache","cause"
"141",141,"viel","much"
"142",142,"bedeuten","mean"
"143",143,"vor","before"
"144",144,"Umzug","move"
"145",145,"Recht","right"
"146",146,"Junge","boy"
"147",147,"alt","old"
"148",148,"zu","too"
"149",149,"gleich","same"
"150",150,"sie","she"
"151",151,"alle","all"
"152",152,"da","there"
"153",153,"wenn","when"
"154",154,"nach oben","up"
"155",155,"Verwendung","use"
"156",156,"Ihre","your"
"157",157,"Weg","way"
"158",158,"über","about"
"159",159,"viele","many"
"160",160,"dann","then"
"161",161,"sie","them"
"162",162,"schreiben","write"
"163",163,"würde","would"
"164",164,"wie","like"
"165",165,"so","so"
"166",166,"diese","these"
"167",167,"sie","her"
"168",168,"lange","long"
"169",169,"machen","make"
"170",170,"Sache","thing"
"171",171,"sehen","see"
"172",172,"ihm","him"
"173",173,"zwei","two"
"174",174,"hat","has"
"175",175,"suchen","look"
"176",176,"mehr","more"
"177",177,"Tag","day"
"178",178,"könnte","could"
"179",179,"gehen","go"
"180",180,"kommen","come"
"181",181,"tat","did"
"182",182,"Anzahl","number"
"183",183,"klingen","sound"
"184",184,"nicht","no"
"185",185,"am meisten","most"
"186",186,"Menschen","people"
"187",187,"meine","my"
"188",188,"über","over"
"189",189,"wissen","know"
"190",190,"Wasser","water"
"191",191,"als","than"
"192",192,"Anruf","call"
"193",193,"erste","first"
"194",194,"die","who"
"195",195,"können","may"
"196",196,"nach unten","down"
"197",197,"Seite","side"
"198",198,"gewesen","been"
"199",199,"jetzt","now"
"200",200,"finden","find"
"201",201,"Kopf","head"
"202",202,"stehen","stand"
"203",203,"besitzen","own"
"204",204,"Seite","page"
"205",205,"sollte","should"
"206",206,"Land","country"
"207",207,"gefunden","found"
"208",208,"Antwort","answer"
"209",209,"Schule","school"
"210",210,"wachsen","grow"
"211",211,"Studie","study"
"212",212,"noch","still"
"213",213,"lernen","learn"
"214",214,"Anlage","plant"
"215",215,"Abdeckung","cover"
"216",216,"Lebensmittel","food"
"217",217,"Sonne","sun"
"218",218,"vier","four"
"219",219,"zwischen","between"
"220",220,"Zustand","state"
"221",221,"halten","keep"
"222",222,"Auge","eye"
"223",223,"nie","never"
"224",224,"letzte","last"
"225",225,"lassen","let"
"226",226,"Gedanken","thought"
"227",227,"Stadt","city"
"228",228,"Baum","tree"
"229",229,"überqueren","cross"
"230",230,"Bauernhof","farm"
"231",231,"schwer","hard"
"232",232,"Beginn","start"
"233",233,"Macht","might"
"234",234,"Geschichte","story"
"235",235,"Säge","saw"
"236",236,"weit","far"
"237",237,"Meer","sea"
"238",238,"ziehen","draw"
"239",239,"links","left"
"240",240,"spät","late"
"241",241,"laufen","run"
"242",242,"unterlassen Sie","don’t"
"243",243,"während","while"
"244",244,"Presse","press"
"245",245,"Schließen","close"
"246",246,"Nacht","night"
"247",247,"realen","real"
"248",248,"Leben","life"
"249",249,"wenige","few"
"250",250,"Norden","north"
"251",251,"Buch","book"
"252",252,"tragen","carry"
"253",253,"nahm","took"
"254",254,"Wissenschaft","science"
"255",255,"essen","eat"
"256",256,"Zimmer","room"
"257",257,"Freund","friend"
"258",258,"begann","began"
"259",259,"Idee","idea"
"260",260,"Fisch","fish"
"261",261,"berg","mountain"
"262",262,"Stopp","stop"
"263",263,"einmal","once"
"264",264,"Basis","base"
"265",265,"hören","hear"
"266",266,"Pferd","horse"
"267",267,"Schnitt","cut"
"268",268,"sicher","sure"
"269",269,"beobachten","watch"
"270",270,"Farbe","color"
"271",271,"Gesicht","face"
"272",272,"Holz","wood"
"273",273,"Haupt-","main"
"274",274,"geöffnet","open"
"275",275,"scheinen","seem"
"276",276,"zusammen","together"
"277",277,"nächste","next"
"278",278,"weiß","white"
"279",279,"Kinder","children"
"280",280,"Start","begin"
"281",281,"bekam","got"
"282",282,"gehen","walk"
"283",283,"Beispiel","example"
"284",284,"erleichtern","ease"
"285",285,"Papier","paper"
"286",286,"Gruppe","group"
"287",287,"immer","always"
"288",288,"Musik","music"
"289",289,"diejenigen","those"
"290",290,"beide","both"
"291",291,"Marke","mark"
"292",292,"oft","often"
"293",293,"Schreiben","letter"
"294",294,"bis","until"
"295",295,"Meile","mile"
"296",296,"Fluss","river"
"297",297,"Auto","car"
"298",298,"Füße","feet"
"299",299,"Pflege","care"
"300",300,"zweite","second"
"301",301,"genug","enough"
"302",302,"Ebene","plain"
"303",303,"Mädchen","girl"
"304",304,"üblich","usual"
"305",305,"jung","young"
"306",306,"bereit","ready"
"307",307,"oben","above"
"308",308,"je","ever"
"309",309,"rot","red"
"310",310,"Liste","list"
"311",311,"obwohl","though"
"312",312,"fühlen","feel"
"313",313,"Vortrag","talk"
"314",314,"Vogel","bird"
"315",315,"bald","soon"
"316",316,"Körper","body"
"317",317,"Hund","dog"
"318",318,"Familie","family"
"319",319,"direkt","direct"
"320",320,"Pose","pose"
"321",321,"verlassen","leave"
"322",322,"Lied","song"
"323",323,"messen","measure"
"324",324,"Tür","door"
"325",325,"Produkt","product"
"326",326,"schwarz","black"
"327",327,"kurz","short"
"328",328,"Zahl","numeral"
"329",329,"Klasse","class"
"330",330,"Wind","wind"
"331",331,"Frage","question"
"332",332,"passieren","happen"
"333",333,"vollständig","complete"
"334",334,"Schiff","ship"
"335",335,"Bereich","area"
"336",336,"Hälfte","half"
"337",337,"Stein","rock"
"338",338,"bestellen","order"
"339",339,"Feuer","fire"
"340",340,"Süden","south"
"341",341,"Problem","problem"
"342",342,"Stück","piece"
"343",343,"sagte","told"
"344",344,"wusste","knew"
"345",345,"passieren","pass"
"346",346,"seit","since"
"347",347,"obere","top"
"348",348,"ganze","whole"
"349",349,"König","king"
"350",350,"Straße","street"
"351",351,"Zoll","inch"
"352",352,"multiplizieren","multiply"
"353",353,"nichts","nothing"
"354",354,"Kurs","course"
"355",355,"bleiben","stay"
"356",356,"Rad","wheel"
"357",357,"voll","full"
"358",358,"Kraft","force"
"359",359,"blau","blue"
"360",360,"Objekt","object"
"361",361,"entscheiden","decide"
"362",362,"Oberfläche","surface"
"363",363,"tief","deep"
"364",364,"Mond","moon"
"365",365,"Insel","island"
"366",366,"Fuß","foot"
"367",367,"System","system"
"368",368,"beschäftigt","busy"
"369",369,"Prüfung","test"
"370",370,"Rekord","record"
"371",371,"Boot","boat"
"372",372,"gemeinsam","common"
"373",373,"goldenen","gold"
"374",374,"möglich","possible"
"375",375,"Flugzeug","plane"
"376",376,"statt","stead"
"377",377,"trocken","dry"
"378",378,"Wunder","wonder"
"379",379,"Lachen","laugh"
"380",380,"tausend","thousand"
"381",381,"vor","ago"
"382",382,"lief","ran"
"383",383,"überprüfen","check"
"384",384,"Spiel","game"
"385",385,"Form","shape"
"386",386,"gleichsetzen","equate"
"387",387,"heiß","hot"
"388",388,"Fehl","miss"
"389",389,"gebracht","brought"
"390",390,"Wärme","heat"
"391",391,"Schnee","snow"
"392",392,"Reifen","tire"
"393",393,"bringen","bring"
"394",394,"ja","yes"
"395",395,"entfernt","distant"
"396",396,"füllen","fill"
"397",397,"Osten","east"
"398",398,"malen","paint"
"399",399,"Sprache","language"
"400",400,"unter","among"
"401",401,"Einheit","unit"
"402",402,"Macht","power"
"403",403,"Stadt","town"
"404",404,"fein","fine"
"405",405,"sicher","certain"
"406",406,"fliegen","fly"
"407",407,"fallen","fall"
"408",408,"führen","lead"
"409",409,"Schrei","cry"
"410",410,"dunkel","dark"
"411",411,"Maschine","machine"
"412",412,"note","note"
"413",413,"warten","wait"
"414",414,"Plan","plan"
"415",415,"Abbildung","figure"
"416",416,"Stern","star"
"417",417,"Kasten","box"
"418",418,"Nomen","noun"
"419",419,"Feld","field"
"420",420,"Rest","rest"
"421",421,"richtig","correct"
"422",422,"fähig","able"
"423",423,"Pfund","pound"
"424",424,"getan","done"
"425",425,"Schönheit","beauty"
"426",426,"Antriebs","drive"
"427",427,"stand","stood"
"428",428,"enthalten","contain"
"429",429,"Front","front"
"430",430,"lehren","teach"
"431",431,"Woche","week"
"432",432,"Finale","final"
"433",433,"gab","gave"
"434",434,"grün","green"
"435",435,"oh","oh"
"436",436,"schnell","quick"
"437",437,"entwickeln","develop"
"438",438,"Ozean","ocean"
"439",439,"warme","warm"
"440",440,"kostenlos","free"
"441",441,"Minute","minute"
"442",442,"stark","strong"
"443",443,"besondere","special"
"444",444,"Geist","mind"
"445",445,"hinter","behind"
"446",446,"klar","clear"
"447",447,"Schwanz","tail"
"448",448,"produzieren","produce"
"449",449,"Tatsache","fact"
"450",450,"Raum","space"
"451",451,"gehört","heard"
"452",452,"beste","best"
"453",453,"Stunde","hour"
"454",454,"besser","better"
"455",455,"wahr","true"
"456",456,"während","during"
"457",457,"hundert","hundred"
"458",458,"fünf","five"
"459",459,"merken","remember"
"460",460,"Schritt","step"
"461",461,"früh","early"
"462",462,"halten","hold"
"463",463,"Westen","west"
"464",464,"Boden","ground"
"465",465,"Interesse","interest"
"466",466,"erreichen","reach"
"467",467,"schnell","fast"
"468",468,"Verbum","verb"
"469",469,"singen","sing"
"470",470,"hören","listen"
"471",471,"sechs","six"
"472",472,"Tabelle","table"
"473",473,"Reise","travel"
"474",474,"weniger","less"
"475",475,"Morgen","morning"
"476",476,"zehn","ten"
"477",477,"einfach","simple"
"478",478,"mehrere","several"
"479",479,"Vokal","vowel"
"480",480,"auf","toward"
"481",481,"Krieg","war"
"482",482,"legen","lay"
"483",483,"gegen","against"
"484",484,"Muster","pattern"
"485",485,"schleppend","slow"
"486",486,"Zentrum","center"
"487",487,"Liebe","love"
"488",488,"Person","person"
"489",489,"Geld","money"
"490",490,"dienen","serve"
"491",491,"erscheinen","appear"
"492",492,"Straße","road"
"493",493,"Karte","map"
"494",494,"regen","rain"
"495",495,"Regel","rule"
"496",496,"regieren","govern"
"497",497,"ziehen","pull"
"498",498,"Kälte","cold"
"499",499,"Hinweis","notice"
"500",500,"Stimme","voice"
"501",501,"Energie","energy"
"502",502,"Jagd","hunt"
"503",503,"wahrscheinlich","probable"
"504",504,"Bett","bed"
"505",505,"Bruder","brother"
"506",506,"Ei","egg"
"507",507,"Fahrt","ride"
"508",508,"Zelle","cell"
"509",509,"glauben","believe"
"510",510,"vielleicht","perhaps"
"511",511,"pflücken","pick"
"512",512,"plötzlich","sudden"
"513",513,"zählen","count"
"514",514,"Platz","square"
"515",515,"Grund","reason"
"516",516,"Dauer","length"
"517",517,"vertreten","represent"
"518",518,"Kunst","art"
"519",519,"Thema","subject"
"520",520,"Region","region"
"521",521,"Größe","size"
"522",522,"variieren","vary"
"523",523,"regeln","settle"
"524",524,"sprechen","speak"
"525",525,"Gewicht","weight"
"526",526,"allgemein","general"
"527",527,"Eis","ice"
"528",528,"Materie","matter"
"529",529,"Kreis","circle"
"530",530,"Paar","pair"
"531",531,"umfassen","include"
"532",532,"Kluft","divide"
"533",533,"Silbe","syllable"
"534",534,"Filz","felt"
"535",535,"groß","grand"
"536",536,"Kugel","ball"
"537",537,"noch","yet"
"538",538,"Welle","wave"
"539",539,"fallen","drop"
"540",540,"Herz","heart"
"541",541,"Uhr","am"
"542",542,"vorhanden","present"
"543",543,"schwer","heavy"
"544",544,"Tanz","dance"
"545",545,"Motor","engine"
"546",546,"Position","position"
"547",547,"Arm","arm"
"548",548,"breit","wide"
"549",549,"Segel","sail"
"550",550,"Material","material"
"551",551,"Fraktion","fraction"
"552",552,"Wald","forest"
"553",553,"sitzen","sit"
"554",554,"Rennen","race"
"555",555,"Fenster","window"
"556",556,"Speicher","store"
"557",557,"Sommer","summer"
"558",558,"Zug","train"
"559",559,"Schlaf","sleep"
"560",560,"beweisen","prove"
"561",561,"einsam","lone"
"562",562,"Bein","leg"
"563",563,"Übung","exercise"
"564",564,"Wand","wall"
"565",565,"Fang","catch"
"566",566,"Berg","mount"
"567",567,"wünschen","wish"
"568",568,"Himmel","sky"
"569",569,"Board","board"
"570",570,"Freude","joy"
"571",571,"Winter","winter"
"572",572,"sa","sat"
"573",573,"geschrieben","written"
"574",574,"wilden","wild"
"575",575,"Instrument","instrument"
"576",576,"gehalten","kept"
"577",577,"Glas","glass"
"578",578,"Gras","grass"
"579",579,"Kuh","cow"
"580",580,"Arbeit","job"
"581",581,"Rand","edge"
"582",582,"Zeichen","sign"
"583",583,"Besuch","visit"
"584",584,"Vergangenheit","past"
"585",585,"weich","soft"
"586",586,"Spaß","fun"
"587",587,"hell","bright"
"588",588,"Gases","gas"
"589",589,"Wetter","weather"
"590",590,"Monat","month"
"591",591,"Million","million"
"592",592,"tragen","bear"
"593",593,"Finish","finish"
"594",594,"glücklich","happy"
"595",595,"hoffen","hope"
"596",596,"blume","flower"
"597",597,"kleiden","clothe"
"598",598,"seltsam","strange"
"599",599,"Vorbei","gone"
"600",600,"Handel","trade"
"601",601,"Melodie","melody"
"602",602,"Reise","trip"
"603",603,"Büro","office"
"604",604,"empfangen","receive"
"605",605,"Reihe","row"
"606",606,"Mund","mouth"
"607",607,"genau","exact"
"608",608,"Zeichen","symbol"
"609",609,"sterben","die"
"610",610,"am wenigsten","least"
"611",611,"Ärger","trouble"
"612",612,"Schrei","shout"
"613",613,"außer","except"
"614",614,"schrieb","wrote"
"615",615,"Samen","seed"
"616",616,"Ton","tone"
"617",617,"beitreten","join"
"618",618,"vorschlagen","suggest"
"619",619,"sauber","clean"
"620",620,"Pause","break"
"621",621,"Dame","lady"
"622",622,"Hof","yard"
"623",623,"steigen","rise"
"624",624,"schlecht","bad"
"625",625,"Schlag","blow"
"626",626,"Öl","oil"
"627",627,"Blut","blood"
"628",628,"berühren","touch"
"629",629,"wuchs","grew"
"630",630,"Cent","cent"
"631",631,"mischen","mix"
"632",632,"Mannschaft","team"
"633",633,"Draht","wire"
"634",634,"Kosten","cost"
"635",635,"verloren","lost"
"636",636,"braun","brown"
"637",637,"tragen","wear"
"638",638,"Garten","garden"
"639",639,"gleich","equal"
"640",640,"gesendet","sent"
"641",641,"wählen","choose"
"642",642,"fiel","fell"
"643",643,"passen","fit"
"644",644,"fließen","flow"
"645",645,"Messe","fair"
"646",646,"Bank","bank"
"647",647,"sammeln","collect"
"648",648,"sparen","save"
"649",649,"Kontrolle","control"
"650",650,"dezimal","decimal"
"651",651,"Ohr","ear"
"652",652,"sonst","else"
"653",653,"ganz","quite"
"654",654,"pleite","broke"
"655",655,"Fall","case"
"656",656,"Mitte","middle"
"657",657,"töten","kill"
"658",658,"Sohn","son"
"659",659,"See","lake"
"660",660,"Moment","moment"
"661",661,"Maßstab","scale"
"662",662,"laut","loud"
"663",663,"Frühling","spring"
"664",664,"beobachten","observe"
"665",665,"Kind","child"
"666",666,"gerade","straight"
"667",667,"Konsonant","consonant"
"668",668,"Nation","nation"
"669",669,"Wörterbuch","dictionary"
"670",670,"milch","milk"
"671",671,"Geschwindigkeit","speed"
"672",672,"Verfahren","method"
"673",673,"Orgel","organ"
"674",674,"zahlen","pay"
"675",675,"Alter","age"
"676",676,"Abschnitt","section"
"677",677,"Kleid","dress"
"678",678,"Wolke","cloud"
"679",679,"Überraschung","surprise"
"680",680,"ruhig","quiet"
"681",681,"Stein","stone"
"682",682,"winzig","tiny"
"683",683,"Aufstieg","climb"
"684",684,"kühlen","cool"
"685",685,"Entwurf","design"
"686",686,"arm","poor"
"687",687,"Menge","lot"
"688",688,"Versuch","experiment"
"689",689,"Boden","bottom"
"690",690,"Schlüssel","key"
"691",691,"Eisen","iron"
"692",692,"Einzel","single"
"693",693,"Stick","stick"
"694",694,"Wohnung","flat"
"695",695,"zwanzig","twenty"
"696",696,"Haut","skin"
"697",697,"Lächeln","smile"
"698",698,"Falte","crease"
"699",699,"Loch","hole"
"700",700,"springen","jump"
"701",701,"Kind","baby"
"702",702,"acht","eight"
"703",703,"Dorf","village"
"704",704,"treffen","meet"
"705",705,"Wurzel","root"
"706",706,"kaufen","buy"
"707",707,"erhöhen","raise"
"708",708,"lösen","solve"
"709",709,"Metall","metal"
"710",710,"ob","whether"
"711",711,"drücken","push"
"712",712,"sieben","seven"
"713",713,"Absatz","paragraph"
"714",714,"dritte","third"
"715",715,"wird","shall"
"716",716,"Hand","held"
"717",717,"Haar","hair"
"718",718,"beschreiben","describe"
"719",719,"Koch","cook"
"720",720,"Boden","floor"
"721",721,"entweder","either"
"722",722,"Ergebnis","result"
"723",723,"brennen","burn"
"724",724,"Hügel","hill"
"725",725,"sicher","safe"
"726",726,"Katze","cat"
"727",727,"Jahrhundert","century"
"728",728,"betrachten","consider"
"729",729,"Typ","type"
"730",730,"Gesetz","law"
"731",731,"Bit","bit"
"732",732,"Küste","coast"
"733",733,"Kopie","copy"
"734",734,"Ausdruck","phrase"
"735",735,"still","silent"
"736",736,"hoch","tall"
"737",737,"Sand","sand"
"738",738,"Boden","soil"
"739",739,"Rolle","roll"
"740",740,"Temperatur","temperature"
"741",741,"Finger","finger"
"742",742,"Industrie","industry"
"743",743,"Wert","value"
"744",744,"Kampf","fight"
"745",745,"Lüge","lie"
"746",746,"schlagen","beat"
"747",747,"begeistern","excite"
"748",748,"natürlich","natural"
"749",749,"Blick","view"
"750",750,"Sinn","sense"
"751",751,"Hauptstadt","capital"
"752",752,"wird nicht","won’t"
"753",753,"Stuhl","chair"
"754",754,"Achtung","danger"
"755",755,"Obst","fruit"
"756",756,"reich","rich"
"757",757,"dick","thick"
"758",758,"Soldat","soldier"
"759",759,"Prozess","process"
"760",760,"betreiben","operate"
"761",761,"Praxis","practice"
"762",762,"trennen","separate"
"763",763,"schwierig","difficult"
"764",764,"Arzt","doctor"
"765",765,"Bitte","please"
"766",766,"schützen","protect"
"767",767,"Mittag","noon"
"768",768,"Ernte","crop"
"769",769,"modernen","modern"
"770",770,"Elementes","element"
"771",771,"treffen","hit"
"772",772,"Schüler","student"
"773",773,"Ecke","corner"
"774",774,"Partei","party"
"775",775,"Versorgung","supply"
"776",776,"deren","whose"
"777",777,"lokalisieren","locate"
"778",778,"Rings","ring"
"779",779,"Charakter","character"
"780",780,"insekt","insect"
"781",781,"gefangen","caught"
"782",782,"Zeit","period"
"783",783,"zeigen","indicate"
"784",784,"Funk","radio"
"785",785,"Speiche","spoke"
"786",786,"Atom","atom"
"787",787,"Mensch","human"
"788",788,"Geschichte","history"
"789",789,"Wirkung","effect"
"790",790,"elektrisch","electric"
"791",791,"erwarten","expect"
"792",792,"Knochen","bone"
"793",793,"Schiene","rail"
"794",794,"vorstellen","imagine"
"795",795,"bieten","provide"
"796",796,"zustimmen","agree"
"797",797,"so","thus"
"798",798,"sanft","gentle"
"799",799,"Frau","woman"
"800",800,"Kapitän","captain"
"801",801,"erraten","guess"
"802",802,"erforderlich","necessary"
"803",803,"scharf","sharp"
"804",804,"Flügel","wing"
"805",805,"schaffen","create"
"806",806,"Nachbar","neighbor"
"807",807,"Wasch","wash"
"808",808,"Fledermaus","bat"
"809",809,"eher","rather"
"810",810,"Menge","crowd"
"811",811,"mais","corn"
"812",812,"vergleichen","compare"
"813",813,"Gedicht","poem"
"814",814,"Schnur","string"
"815",815,"Glocke","bell"
"816",816,"abhängen","depend"
"817",817,"Fleisch","meat"
"818",818,"einreiben","rub"
"819",819,"Rohr","tube"
"820",820,"berühmt","famous"
"821",921,"Dollar","dollar"
"822",822,"Strom","stream"
"823",823,"Angst","fear"
"824",284,"Blick","sight"
"825",825,"dünn","thin"
"826",826,"Dreieck","triangle"
"827",827,"Erde","planet"
"828",828,"Eile","hurry"
"829",829,"Chef","chief"
"830",830,"Kolonie","colony"
"831",831,"Uhr","clock"
"832",832,"Mine","mine"
"833",833,"Krawatte","tie"
"834",834,"eingeben","enter"
"835",835,"Dur","major"
"836",836,"frisch","fresh"
"837",837,"Suche","search"
"838",838,"senden","send"
"839",839,"gelb","yellow"
"840",840,"Pistole","gun"
"841",841,"erlauben","allow"
"842",842,"Druck","print"
"843",843,"tot","dead"
"844",844,"Stelle","spot"
"845",845,"Wüste","desert"
"846",846,"Anzug","suit"
"847",847,"Strom","current"
"848",848,"Aufzug","lift"
"849",840,"stiegen","rose"
"850",850,"ankommen","arrive"
"851",851,"Stamm","master"
"852",852,"Spur","track"
"853",853,"Elternteil","parent"
"854",854,"Ufer","shore"
"855",855,"Teilung","division"
"856",856,"Blatt","sheet"
"857",857,"Substanz","substance"
"858",858,"begünstigen","favor"
"859",859,"verbinden","connect"
"860",860,"nach","post"
"861",861,"verbringen","spend"
"862",862,"Akkord","chord"
"863",863,"Fett","fat"
"864",864,"froh","glad"
"865",865,"Original","original"
"866",866,"Aktie","share"
"867",867,"Station","station"
"868",868,"Papa","dad"
"869",869,"Brot","bread"
"870",870,"aufladen","charge"
"871",871,"richtig","proper"
"872",872,"Leiste","bar"
"873",873,"Angebot","offer"
"874",874,"Segment","segment"
"875",875,"Sklave","slave"
"876",876,"ente","duck"
"877",877,"Augenblick","instant"
"878",878,"Markt","market"
"879",879,"Grad","degree"
"880",880,"besiedeln","populate"
"881",881,"küken","chick"
"882",882,"liebe","dear"
"883",883,"Feind","enemy"
"884",884,"antworten","reply"
"885",885,"Getränk","drink"
"886",886,"auftreten","occur"
"887",887,"Unterstützung","support"
"888",888,"Rede","speech"
"889",889,"Natur","nature"
"890",890,"Angebot","range"
"891",891,"Dampf","steam"
"892",892,"Bewegung","motion"
"893",893,"Weg","path"
"894",894,"Flüssigkeit","liquid"
"895",895,"protokollieren","log"
"896",896,"gemeint","meant"
"897",897,"Quotient","quotient"
"898",898,"Gebiss","teeth"
"899",899,"Schale","shell"
"900",900,"Hals","neck"
"901",901,"Sauerstoff","oxygen"
"902",902,"Zucker","sugar"
"903",903,"Tod","death"
"904",904,"ziemlich","pretty"
"905",905,"Geschicklichkeit","skill"
"906",906,"Frauen","women"
"907",907,"Saison","season"
"908",908,"Lösung","solution"
"909",909,"Magnet","magnet"
"910",910,"Silber","silver"
"911",911,"danken","thank"
"912",912,"Zweig","branch"
"913",913,"Spiel","match"
"914",914,"Suffix","suffix"
"915",915,"insbesondere","especially"
"916",916,"Feige","fig"
"917",917,"ängstlich","afraid"
"918",918,"riesig","huge"
"919",919,"Schwester","sister"
"920",920,"Stahl","steel"
"921",921,"diskutieren","discuss"
"922",922,"vorwärts","forward"
"923",923,"ähnlich","similar"
"924",924,"führen","guide"
"925",925,"Erfahrung","experience"
"926",926,"Partitur","score"
"927",927,"apfel","apple"
"928",928,"gekauft","bought"
"929",929,"geführt","led"
"930",930,"Tonhöhe","pitch"
"931",931,"Mantel","coat"
"932",932,"Masse","mass"
"933",933,"Karte","card"
"934",934,"Band","band"
"935",935,"Seil","rope"
"936",936,"Rutsch","slip"
"937",937,"gewinnen","win"
"938",938,"träumen","dream"
"939",939,"Abend","evening"
"940",940,"Zustand","condition"
"941",941,"Futtermittel","feed"
"942",942,"Werkzeug","tool"
"943",943,"gesamt","total"
"944",944,"Basis","basic"
"945",945,"Geruch","smell"
"946",946,"Tal","valley"
"947",947,"noch","nor"
"948",948,"doppelt","double"
"949",949,"Sitz","seat"
"950",950,"fortsetzen","continue"
"951",951,"Block","block"
"952",952,"Tabelle","chart"
"953",953,"Hut","hat"
"954",954,"verkaufen","sell"
"955",955,"Erfolg","success"
"956",956,"Firma","company"
"957",957,"subtrahieren","subtract"
"958",958,"Veranstaltung","event"
"959",959,"besondere","particular"
"960",960,"viel","deal"
"961",961,"schwimmen","swim"
"962",962,"Begriff","term"
"963",963,"Gegenteil","opposite"
"964",964,"Frau","wife"
"965",965,"Schuh","shoe"
"966",966,"Schulter","shoulder"
"967",967,"Verbreitung","spread"
"968",968,"arrangieren","arrange"
"969",969,"Lager","camp"
"970",970,"erfinden","invent"
"971",971,"Baumwolle","cotton"
"972",972,"geboren","born"
"973",973,"bestimmen","determine"
"974",974,"Quart","quart"
"975",975,"neun","nine"
"976",976,"Lastwagen","truck"
"977",977,"Lärm","noise"
"978",978,"Ebene","level"
"979",979,"Chance","chance"
"980",980,"sammeln","gather"
"981",981,"Geschäft","shop"
"982",982,"Stretch","stretch"
"983",983,"werfen","throw"
"984",984,"Glanz","shine"
"985",985,"Immobilien","property"
"986",986,"Spalte","column"
"987",987,"Molekül","molecule"
"988",988,"wählen","select"
"989",989,"falsch","wrong"
"990",990,"grau","gray"
"991",991,"Wiederholung","repeat"
"992",992,"erfordern","require"
"993",993,"breit","broad"
"994",994,"vorbereiten","prepare"
"995",995,"Salz","salt"
"996",996,"Nase","nose"
"997",997,"mehreren","plural"
"998",998,"Zorn","anger"
"999",999,"Anspruch","claim"
"1000",1000,"Kontinent","continent"
